Date,Load,Flow,Resistance,Material
2022-09-27 19:49:42.792443,8,584,679,lead_1
2022-10-17 19:49:42.792443,347,377,18,silver_32_jagged
2022-09-24 19:49:42.792443,185,839,305,Gold_99
2022-10-01 19:49:42.792443,432,264,896,silver_32
2022-10-03 19:49:42.792443,116,686,52,Gold_99
2022-09-24 19:49:42.792443,782,333,424,silver_32
2022-10-08 19:49:42.792443,564,812,671,silver_32
2022-10-21 19:49:42.792443,518,222,173,lead_1
2022-09-26 19:49:42.792443,148,442,830,Gold_99
2022-09-25 19:49:42.792443,326,119,872,silver_32_jagged
2022-09-29 19:49:42.792443,408,184,137,silver_32_jagged
2022-10-10 19:49:42.792443,302,933,945,silver_32_jagged
2022-10-12 19:49:42.792443,22,115,195,Gold_99
2022-09-30 19:49:42.792443,562,422,576,silver_32_jagged
2022-09-26 19:49:42.792443,735,864,645,Gold_99
2022-09-28 19:49:42.792443,337,786,163,lead_1
2022-10-03 19:49:42.792443,17,532,179,silver_32_jagged
2022-10-10 19:49:42.792443,827,450,490,silver_32_jagged
2022-10-12 19:49:42.792443,452,393,211,lead_1
2022-10-01 19:49:42.792443,906,18,6,silver_32_jagged
2022-10-23 19:49:42.792443,199,262,914,silver_32_jagged
2022-10-04 19:49:42.792443,22,211,88,silver_32
2022-09-28 19:49:42.792443,211,574,707,Gold_99
2022-10-08 19:49:42.792443,73,882,378,lead_1
2022-10-08 19:49:42.792443,830,234,250,silver_32
2022-10-23 19:49:42.792443,561,748,750,silver_32
2022-10-24 19:49:42.792443,314,992,473,silver_32
2022-10-23 19:49:42.792443,80,739,706,Gold_99
2022-10-07 19:49:42.792443,415,874,728,lead_1
2022-10-01 19:49:42.792443,37,254,816,silver_32_jagged
2022-10-24 19:49:42.792443,111,690,994,Gold_99
2022-10-13 19:49:42.792443,150,382,562,silver_32_jagged
2022-10-07 19:49:42.792443,994,54,844,silver_32_jagged
2022-10-15 19:49:42.792443,781,673,885,Gold_99
2022-10-20 19:49:42.792443,622,615,918,lead_1
2022-10-24 19:49:42.792443,616,985,325,silver_32_jagged
2022-10-18 19:49:42.792443,829,855,814,silver_32_jagged
2022-10-02 19:49:42.792443,672,714,487,silver_32
2022-10-05 19:49:42.792443,442,134,927,silver_32
2022-09-27 19:49:42.792443,158,161,894,lead_1
2022-10-04 19:49:42.792443,366,190,811,silver_32_jagged
2022-10-09 19:49:42.792443,811,618,305,silver_32
2022-10-23 19:49:42.792443,830,209,711,lead_1
2022-09-29 19:49:42.792443,85,162,714,lead_1
2022-10-14 19:49:42.792443,684,780,267,silver_32_jagged
2022-10-20 19:49:42.792443,65,251,811,silver_32
2022-10-06 19:49:42.792443,588,243,801,silver_32
2022-10-04 19:49:42.792443,413,941,223,lead_1
2022-10-21 19:49:42.792443,408,212,819,lead_1
2022-10-07 19:49:42.792443,491,1,514,silver_32
2022-10-01 19:49:42.792443,989,777,852,silver_32
2022-10-06 19:49:42.792443,725,136,769,Gold_99
2022-10-13 19:49:42.792443,913,183,417,silver_32_jagged
2022-10-18 19:49:42.792443,110,434,381,Gold_99
2022-09-26 19:49:42.792443,881,440,150,Gold_99
2022-10-03 19:49:42.792443,255,405,433,silver_32_jagged
2022-10-09 19:49:42.792443,805,939,993,lead_1
2022-10-16 19:49:42.792443,576,441,807,silver_32_jagged
2022-10-19 19:49:42.792443,750,604,472,silver_32
2022-10-08 19:49:42.792443,406,328,540,lead_1
2022-10-02 19:49:42.792443,466,755,456,silver_32_jagged
2022-10-19 19:49:42.792443,81,57,45,Gold_99
2022-10-05 19:49:42.792443,377,104,597,Gold_99
2022-10-06 19:49:42.792443,886,311,917,lead_1
2022-10-10 19:49:42.792443,298,667,269,silver_32
2022-10-18 19:49:42.792443,254,532,29,silver_32
2022-10-11 19:49:42.792443,257,95,153,silver_32
2022-10-03 19:49:42.792443,689,873,234,silver_32_jagged
2022-10-06 19:49:42.792443,229,819,541,silver_32_jagged
2022-09-24 19:49:42.792443,109,208,918,lead_1
2022-10-19 19:49:42.792443,512,771,76,lead_1
2022-09-28 19:49:42.792443,657,727,30,lead_1
2022-10-04 19:49:42.792443,618,662,37,silver_32
2022-10-13 19:49:42.792443,510,377,152,silver_32_jagged
2022-09-25 19:49:42.792443,309,159,31,silver_32
2022-10-06 19:49:42.792443,535,132,684,Gold_99
2022-09-26 19:49:42.792443,255,378,129,silver_32_jagged
2022-10-15 19:49:42.792443,642,410,675,silver_32_jagged
2022-10-05 19:49:42.792443,158,226,629,Gold_99
2022-10-14 19:49:42.792443,739,53,487,silver_32_jagged
2022-10-23 19:49:42.792443,946,229,303,Gold_99
2022-09-28 19:49:42.792443,636,925,227,lead_1
2022-10-04 19:49:42.792443,259,683,55,Gold_99
2022-09-28 19:49:42.792443,431,648,527,silver_32_jagged
2022-10-18 19:49:42.792443,243,551,854,Gold_99
2022-10-20 19:49:42.792443,703,913,144,Gold_99
2022-10-24 19:49:42.792443,834,147,751,silver_32
2022-10-01 19:49:42.792443,228,333,980,lead_1
2022-10-15 19:49:42.792443,608,936,572,Gold_99
2022-10-02 19:49:42.792443,618,408,781,silver_32
2022-10-23 19:49:42.792443,999,166,709,Gold_99
2022-10-13 19:49:42.792443,157,949,900,Gold_99
2022-09-24 19:49:42.792443,831,557,572,silver_32
2022-10-15 19:49:42.792443,686,125,463,Gold_99
2022-09-30 19:49:42.792443,771,124,691,silver_32_jagged
2022-10-02 19:49:42.792443,406,506,521,silver_32
2022-10-07 19:49:42.792443,341,591,332,lead_1
2022-10-05 19:49:42.792443,707,52,310,silver_32_jagged
2022-09-26 19:49:42.792443,501,944,858,Gold_99
2022-10-20 19:49:42.792443,995,761,402,silver_32_jagged
2022-10-19 19:49:42.792443,518,470,716,lead_1
2022-09-27 19:49:42.792443,535,774,686,lead_1
2022-10-03 19:49:42.792443,231,482,605,silver_32_jagged
2022-10-04 19:49:42.792443,180,369,540,silver_32
2022-10-01 19:49:42.792443,799,619,703,silver_32_jagged
2022-10-21 19:49:42.792443,64,305,904,lead_1
2022-10-06 19:49:42.792443,938,860,413,silver_32
2022-09-29 19:49:42.792443,655,628,8,lead_1
2022-10-17 19:49:42.792443,314,860,812,Gold_99
2022-10-16 19:49:42.792443,233,689,42,lead_1
2022-09-27 19:49:42.792443,654,608,175,silver_32_jagged
2022-10-01 19:49:42.792443,343,494,330,silver_32
2022-10-13 19:49:42.792443,340,532,702,Gold_99
2022-10-02 19:49:42.792443,182,264,974,lead_1
2022-10-04 19:49:42.792443,57,700,913,Gold_99
2022-10-23 19:49:42.792443,735,495,124,silver_32
2022-10-09 19:49:42.792443,435,828,308,Gold_99
2022-10-19 19:49:42.792443,354,48,469,Gold_99
2022-09-25 19:49:42.792443,258,13,429,Gold_99
2022-10-12 19:49:42.792443,231,848,659,Gold_99
2022-10-12 19:49:42.792443,633,189,57,lead_1
2022-10-05 19:49:42.792443,917,611,929,silver_32_jagged
2022-10-08 19:49:42.792443,745,218,165,silver_32_jagged
2022-10-07 19:49:42.792443,641,970,331,silver_32
2022-10-01 19:49:42.792443,652,713,756,lead_1
2022-10-23 19:49:42.792443,419,51,889,silver_32_jagged
2022-10-06 19:49:42.792443,287,560,3,silver_32
2022-10-12 19:49:42.792443,782,709,458,silver_32_jagged
2022-10-01 19:49:42.792443,690,710,510,silver_32
2022-09-25 19:49:42.792443,473,412,798,silver_32
2022-10-06 19:49:42.792443,503,66,909,silver_32_jagged
2022-10-17 19:49:42.792443,925,945,124,Gold_99
2022-10-24 19:49:42.792443,174,211,293,lead_1
2022-09-29 19:49:42.792443,726,230,975,Gold_99
2022-10-20 19:49:42.792443,143,332,592,silver_32_jagged
2022-10-14 19:49:42.792443,948,469,288,silver_32_jagged
2022-10-03 19:49:42.792443,474,331,440,silver_32_jagged
2022-10-17 19:49:42.792443,303,955,758,lead_1
2022-09-27 19:49:42.792443,560,724,919,silver_32
2022-09-27 19:49:42.792443,216,445,873,Gold_99
2022-09-26 19:49:42.792443,637,965,960,Gold_99
2022-10-04 19:49:42.792443,86,918,206,silver_32
2022-10-22 19:49:42.792443,545,976,122,silver_32_jagged
2022-10-09 19:49:42.792443,256,880,49,Gold_99
2022-10-04 19:49:42.792443,835,859,951,lead_1
2022-10-07 19:49:42.792443,67,522,821,silver_32
2022-09-24 19:49:42.792443,557,971,854,silver_32
2022-10-01 19:49:42.792443,662,115,550,Gold_99
2022-10-14 19:49:42.792443,386,578,788,Gold_99
2022-10-05 19:49:42.792443,743,209,972,Gold_99
2022-10-22 19:49:42.792443,77,957,919,silver_32
2022-10-05 19:49:42.792443,549,223,162,Gold_99
2022-10-19 19:49:42.792443,27,202,262,Gold_99
2022-10-03 19:49:42.792443,451,307,435,silver_32
2022-10-06 19:49:42.792443,902,97,812,silver_32
2022-09-26 19:49:42.792443,457,987,573,silver_32_jagged
2022-09-25 19:49:42.792443,427,70,469,lead_1
2022-10-24 19:49:42.792443,104,884,489,silver_32_jagged
2022-10-23 19:49:42.792443,440,528,186,silver_32_jagged
2022-10-08 19:49:42.792443,507,202,481,silver_32_jagged
2022-10-04 19:49:42.792443,504,520,327,silver_32
2022-10-03 19:49:42.792443,423,816,658,silver_32
2022-10-06 19:49:42.792443,997,741,599,silver_32
2022-10-23 19:49:42.792443,800,314,167,silver_32_jagged
2022-10-02 19:49:42.792443,258,29,154,Gold_99
2022-10-01 19:49:42.792443,279,684,163,lead_1
2022-10-10 19:49:42.792443,217,644,730,Gold_99
2022-10-23 19:49:42.792443,72,617,659,lead_1
2022-10-22 19:49:42.792443,149,432,253,silver_32
2022-10-07 19:49:42.792443,307,79,594,lead_1
2022-10-01 19:49:42.792443,892,748,886,silver_32
2022-10-02 19:49:42.792443,850,12,275,Gold_99
2022-10-06 19:49:42.792443,585,377,557,lead_1
2022-10-01 19:49:42.792443,351,704,129,silver_32
2022-10-05 19:49:42.792443,246,293,545,lead_1
2022-10-21 19:49:42.792443,167,794,789,lead_1
2022-10-19 19:49:42.792443,577,845,370,silver_32
2022-10-07 19:49:42.792443,260,91,740,Gold_99
2022-10-03 19:49:42.792443,171,38,428,lead_1
2022-10-13 19:49:42.792443,560,898,186,silver_32_jagged
2022-09-29 19:49:42.792443,561,357,808,silver_32_jagged
2022-10-14 19:49:42.792443,607,771,474,silver_32
2022-10-12 19:49:42.792443,701,666,326,Gold_99
2022-10-02 19:49:42.792443,56,925,294,Gold_99
2022-10-07 19:49:42.792443,793,559,494,silver_32
2022-10-13 19:49:42.792443,260,773,141,silver_32
2022-10-18 19:49:42.792443,13,331,571,silver_32_jagged
2022-10-01 19:49:42.792443,113,498,428,lead_1
2022-10-14 19:49:42.792443,443,331,752,Gold_99
2022-09-28 19:49:42.792443,988,682,802,lead_1
2022-09-27 19:49:42.792443,450,436,503,Gold_99
2022-10-09 19:49:42.792443,412,510,418,lead_1
2022-10-24 19:49:42.792443,214,769,510,silver_32
2022-10-21 19:49:42.792443,707,401,28,silver_32_jagged
2022-10-04 19:49:42.792443,934,279,880,Gold_99
2022-09-25 19:49:42.792443,171,37,577,Gold_99
2022-10-16 19:49:42.792443,481,2,933,silver_32
2022-10-06 19:49:42.792443,171,969,208,silver_32
2022-10-06 19:49:42.792443,871,577,407,lead_1
2022-09-28 19:49:42.792443,584,38,45,silver_32
2022-10-06 19:49:42.792443,432,681,599,silver_32_jagged
2022-10-09 19:49:42.792443,42,82,39,silver_32_jagged
2022-10-03 19:49:42.792443,545,124,133,lead_1
2022-10-16 19:49:42.792443,903,992,864,Gold_99
2022-10-10 19:49:42.792443,917,608,299,lead_1
2022-10-17 19:49:42.792443,45,89,707,lead_1
2022-10-17 19:49:42.792443,505,675,501,lead_1
2022-10-20 19:49:42.792443,948,502,24,Gold_99
2022-10-16 19:49:42.792443,104,528,91,silver_32_jagged
2022-10-01 19:49:42.792443,78,894,575,lead_1
2022-10-18 19:49:42.792443,428,581,127,lead_1
2022-10-14 19:49:42.792443,106,589,631,silver_32
2022-10-08 19:49:42.792443,436,179,864,lead_1
2022-10-08 19:49:42.792443,54,356,943,silver_32
2022-09-30 19:49:42.792443,622,961,249,silver_32
2022-10-22 19:49:42.792443,467,166,568,lead_1
2022-10-03 19:49:42.792443,783,439,55,lead_1
2022-10-12 19:49:42.792443,622,342,297,silver_32
2022-10-21 19:49:42.792443,692,335,586,silver_32
2022-10-03 19:49:42.792443,784,158,447,lead_1
2022-09-30 19:49:42.792443,762,614,314,silver_32_jagged
2022-10-16 19:49:42.792443,566,992,408,silver_32
2022-09-27 19:49:42.792443,888,42,697,Gold_99
2022-10-11 19:49:42.792443,543,673,15,lead_1
2022-10-09 19:49:42.792443,18,856,235,Gold_99
2022-09-30 19:49:42.792443,453,228,285,silver_32_jagged
2022-10-23 19:49:42.792443,150,966,832,Gold_99
2022-10-05 19:49:42.792443,645,846,286,silver_32_jagged
2022-10-21 19:49:42.792443,234,453,871,silver_32
2022-10-21 19:49:42.792443,527,529,311,silver_32
2022-10-23 19:49:42.792443,560,208,106,silver_32
2022-10-11 19:49:42.792443,276,888,71,lead_1
2022-09-27 19:49:42.792443,974,832,820,silver_32
2022-09-30 19:49:42.792443,3,925,453,Gold_99
2022-10-18 19:49:42.792443,44,228,528,silver_32_jagged
2022-09-24 19:49:42.792443,376,220,50,lead_1
2022-10-01 19:49:42.792443,747,929,453,silver_32_jagged
2022-09-24 19:49:42.792443,694,408,775,silver_32
2022-10-02 19:49:42.792443,99,80,465,silver_32_jagged
2022-10-16 19:49:42.792443,455,826,434,silver_32
2022-10-05 19:49:42.792443,840,381,982,silver_32
2022-09-29 19:49:42.792443,877,761,820,Gold_99
2022-10-01 19:49:42.792443,237,86,258,Gold_99
2022-10-15 19:49:42.792443,193,743,958,Gold_99
2022-10-23 19:49:42.792443,405,28,185,lead_1
2022-10-24 19:49:42.792443,422,163,604,silver_32
2022-10-08 19:49:42.792443,379,667,462,silver_32_jagged
2022-10-06 19:49:42.792443,29,627,525,lead_1
2022-10-07 19:49:42.792443,616,889,998,silver_32
2022-09-29 19:49:42.792443,785,721,638,lead_1
2022-10-11 19:49:42.792443,890,899,226,silver_32
2022-10-10 19:49:42.792443,653,624,976,lead_1
2022-10-08 19:49:42.792443,350,334,34,Gold_99
2022-10-21 19:49:42.792443,473,126,60,Gold_99
2022-10-22 19:49:42.792443,858,821,659,silver_32_jagged
2022-09-25 19:49:42.792443,201,93,632,silver_32_jagged
2022-10-01 19:49:42.792443,863,458,617,silver_32_jagged
2022-10-19 19:49:42.792443,467,279,668,lead_1
2022-10-17 19:49:42.792443,792,943,334,lead_1
2022-10-13 19:49:42.792443,896,207,517,Gold_99
2022-10-02 19:49:42.792443,540,780,481,lead_1
2022-10-08 19:49:42.792443,748,508,979,silver_32_jagged
2022-10-13 19:49:42.792443,503,951,319,silver_32
2022-10-23 19:49:42.792443,476,522,140,Gold_99
2022-10-05 19:49:42.792443,780,784,656,Gold_99
2022-09-29 19:49:42.792443,920,261,750,Gold_99
2022-10-12 19:49:42.792443,565,642,938,Gold_99
2022-10-18 19:49:42.792443,294,895,116,silver_32
2022-10-16 19:49:42.792443,194,196,373,silver_32_jagged
2022-09-26 19:49:42.792443,578,549,250,Gold_99
2022-10-01 19:49:42.792443,622,884,451,Gold_99
2022-10-13 19:49:42.792443,847,985,279,lead_1
2022-10-18 19:49:42.792443,967,646,477,silver_32
2022-10-22 19:49:42.792443,712,25,766,silver_32
2022-10-11 19:49:42.792443,120,59,962,silver_32
2022-10-07 19:49:42.792443,833,316,447,silver_32_jagged
2022-10-06 19:49:42.792443,119,246,1000,silver_32
2022-10-03 19:49:42.792443,540,100,726,silver_32
2022-09-26 19:49:42.792443,741,456,787,silver_32
2022-10-24 19:49:42.792443,979,997,548,Gold_99
2022-09-26 19:49:42.792443,239,962,939,Gold_99
2022-10-19 19:49:42.792443,234,74,140,lead_1
2022-10-12 19:49:42.792443,884,231,915,silver_32
2022-10-18 19:49:42.792443,30,719,847,silver_32
2022-10-02 19:49:42.792443,628,478,628,silver_32
2022-10-07 19:49:42.792443,997,841,391,Gold_99
2022-10-05 19:49:42.792443,930,567,803,lead_1
2022-10-20 19:49:42.792443,148,766,581,Gold_99
2022-10-08 19:49:42.792443,447,852,921,silver_32_jagged
2022-10-13 19:49:42.792443,39,873,73,Gold_99
2022-10-16 19:49:42.792443,239,458,956,Gold_99
2022-10-14 19:49:42.792443,351,787,284,Gold_99
2022-10-01 19:49:42.792443,531,868,4,silver_32
2022-10-12 19:49:42.792443,487,11,251,Gold_99
2022-10-24 19:49:42.792443,311,188,615,Gold_99
2022-10-19 19:49:42.792443,771,720,105,silver_32
2022-10-06 19:49:42.792443,36,84,297,silver_32_jagged
2022-10-21 19:49:42.792443,421,499,41,silver_32_jagged
2022-10-13 19:49:42.792443,437,456,687,silver_32_jagged
2022-10-21 19:49:42.792443,272,561,992,Gold_99
2022-09-25 19:49:42.792443,902,617,458,lead_1
2022-10-05 19:49:42.792443,768,403,949,silver_32
2022-09-27 19:49:42.792443,557,444,88,lead_1
2022-10-19 19:49:42.792443,482,695,869,lead_1
2022-09-28 19:49:42.792443,262,196,588,lead_1
2022-10-15 19:49:42.792443,345,300,4,Gold_99
2022-10-24 19:49:42.792443,569,117,864,silver_32
2022-10-17 19:49:42.792443,116,353,642,lead_1
2022-10-02 19:49:42.792443,657,679,750,Gold_99
2022-10-14 19:49:42.792443,43,711,903,lead_1
2022-10-06 19:49:42.792443,938,472,211,silver_32_jagged
2022-10-10 19:49:42.792443,851,248,43,silver_32
2022-10-06 19:49:42.792443,707,457,778,Gold_99
2022-10-08 19:49:42.792443,214,27,19,lead_1
2022-10-03 19:49:42.792443,322,310,100,Gold_99
2022-10-18 19:49:42.792443,142,717,936,Gold_99
2022-10-02 19:49:42.792443,600,432,706,silver_32
2022-10-07 19:49:42.792443,717,226,16,silver_32_jagged
2022-10-12 19:49:42.792443,615,369,839,lead_1
2022-10-20 19:49:42.792443,4,166,770,silver_32_jagged
2022-10-04 19:49:42.792443,872,698,427,silver_32_jagged
2022-10-13 19:49:42.792443,399,907,155,Gold_99
2022-10-19 19:49:42.792443,581,639,328,silver_32_jagged
2022-09-26 19:49:42.792443,312,193,222,silver_32
2022-09-27 19:49:42.792443,268,347,702,Gold_99
2022-09-26 19:49:42.792443,713,431,186,silver_32_jagged
2022-10-02 19:49:42.792443,391,298,873,Gold_99
2022-10-01 19:49:42.792443,565,399,504,silver_32
2022-10-05 19:49:42.792443,30,140,560,Gold_99
2022-09-24 19:49:42.792443,421,613,479,lead_1
2022-10-04 19:49:42.792443,132,937,430,silver_32_jagged
2022-10-01 19:49:42.792443,875,818,169,silver_32_jagged
2022-09-30 19:49:42.792443,109,331,948,Gold_99
2022-09-25 19:49:42.792443,937,416,778,lead_1
2022-10-18 19:49:42.792443,375,470,790,silver_32
2022-10-17 19:49:42.792443,447,833,297,lead_1
2022-10-02 19:49:42.792443,775,211,547,silver_32
2022-10-16 19:49:42.792443,705,94,106,silver_32_jagged
2022-10-18 19:49:42.792443,430,289,725,Gold_99
2022-10-17 19:49:42.792443,608,843,185,silver_32
2022-09-28 19:49:42.792443,154,630,138,silver_32_jagged
2022-10-22 19:49:42.792443,62,959,156,silver_32
2022-10-04 19:49:42.792443,821,733,151,silver_32
2022-10-22 19:49:42.792443,989,429,954,lead_1
2022-10-20 19:49:42.792443,154,567,645,Gold_99
2022-09-24 19:49:42.792443,910,687,351,silver_32_jagged
2022-10-01 19:49:42.792443,710,475,494,lead_1
2022-10-23 19:49:42.792443,293,646,411,Gold_99
2022-09-27 19:49:42.792443,328,963,585,lead_1
2022-10-15 19:49:42.792443,324,737,59,Gold_99
2022-10-13 19:49:42.792443,436,76,330,Gold_99
2022-10-12 19:49:42.792443,351,481,628,silver_32
2022-09-25 19:49:42.792443,160,944,924,silver_32_jagged
2022-10-09 19:49:42.792443,143,691,695,silver_32
2022-10-12 19:49:42.792443,261,957,537,silver_32_jagged
2022-10-12 19:49:42.792443,965,394,977,silver_32
2022-10-23 19:49:42.792443,857,713,987,Gold_99
2022-09-25 19:49:42.792443,766,903,765,silver_32
2022-10-17 19:49:42.792443,877,278,676,silver_32
2022-10-08 19:49:42.792443,14,561,110,silver_32_jagged
2022-09-29 19:49:42.792443,880,674,194,Gold_99
2022-10-17 19:49:42.792443,132,591,286,Gold_99
2022-10-05 19:49:42.792443,438,195,813,silver_32_jagged
2022-10-18 19:49:42.792443,818,177,724,lead_1
2022-09-26 19:49:42.792443,516,95,523,silver_32
2022-10-04 19:49:42.792443,19,59,133,lead_1
2022-09-25 19:49:42.792443,259,929,928,silver_32_jagged
2022-09-29 19:49:42.792443,88,148,648,Gold_99
2022-10-03 19:49:42.792443,376,780,774,silver_32
2022-10-17 19:49:42.792443,708,573,100,silver_32
2022-10-03 19:49:42.792443,458,688,770,silver_32
2022-10-20 19:49:42.792443,748,141,262,lead_1
2022-10-22 19:49:42.792443,844,5,530,Gold_99
2022-10-17 19:49:42.792443,430,698,930,silver_32_jagged
2022-10-16 19:49:42.792443,638,459,812,silver_32_jagged
2022-10-12 19:49:42.792443,866,770,168,silver_32
2022-10-11 19:49:42.792443,134,823,135,Gold_99
2022-10-08 19:49:42.792443,830,772,857,silver_32
2022-10-18 19:49:42.792443,192,198,636,silver_32
2022-09-26 19:49:42.792443,371,557,634,Gold_99
2022-10-19 19:49:42.792443,996,476,353,Gold_99
2022-10-10 19:49:42.792443,364,807,980,Gold_99
2022-10-09 19:49:42.792443,600,661,478,Gold_99
2022-10-21 19:49:42.792443,870,826,654,silver_32_jagged
2022-10-20 19:49:42.792443,651,454,789,lead_1
2022-10-12 19:49:42.792443,802,5,509,silver_32_jagged
2022-10-11 19:49:42.792443,498,438,846,silver_32_jagged
2022-09-28 19:49:42.792443,634,64,962,silver_32_jagged
2022-09-24 19:49:42.792443,253,714,395,Gold_99
2022-09-27 19:49:42.792443,534,864,925,silver_32_jagged
2022-10-15 19:49:42.792443,959,89,193,lead_1
2022-10-12 19:49:42.792443,113,650,339,Gold_99
2022-09-27 19:49:42.792443,225,865,567,lead_1
2022-09-30 19:49:42.792443,41,279,780,Gold_99
2022-09-28 19:49:42.792443,510,613,743,silver_32_jagged
2022-10-19 19:49:42.792443,756,56,427,lead_1
2022-10-21 19:49:42.792443,540,422,475,silver_32_jagged
2022-10-03 19:49:42.792443,631,734,583,Gold_99
2022-10-12 19:49:42.792443,306,970,139,lead_1
2022-10-14 19:49:42.792443,128,180,505,lead_1
2022-10-22 19:49:42.792443,531,470,121,lead_1
2022-10-09 19:49:42.792443,99,915,470,lead_1
2022-09-25 19:49:42.792443,264,542,692,silver_32
2022-10-07 19:49:42.792443,220,329,462,silver_32_jagged
2022-10-20 19:49:42.792443,827,236,514,silver_32
2022-10-01 19:49:42.792443,575,901,632,silver_32
2022-10-20 19:49:42.792443,443,682,631,Gold_99
2022-10-18 19:49:42.792443,724,935,300,lead_1
2022-10-22 19:49:42.792443,276,600,267,silver_32
2022-10-02 19:49:42.792443,686,224,110,lead_1
2022-09-27 19:49:42.792443,140,111,278,silver_32
2022-10-08 19:49:42.792443,688,77,504,silver_32_jagged
2022-10-19 19:49:42.792443,126,308,131,silver_32
2022-09-30 19:49:42.792443,760,46,674,silver_32_jagged
2022-10-17 19:49:42.792443,783,975,154,silver_32
2022-09-25 19:49:42.792443,228,135,704,lead_1
2022-10-17 19:49:42.792443,46,721,426,silver_32_jagged
2022-10-09 19:49:42.792443,101,223,472,silver_32_jagged
2022-10-01 19:49:42.792443,121,204,318,silver_32_jagged
2022-10-08 19:49:42.792443,839,466,309,silver_32
2022-10-02 19:49:42.792443,592,737,807,silver_32
2022-09-30 19:49:42.792443,698,422,158,silver_32_jagged
2022-10-04 19:49:42.792443,697,298,562,Gold_99
2022-09-26 19:49:42.792443,373,468,84,lead_1
2022-10-06 19:49:42.792443,174,553,254,silver_32
2022-10-06 19:49:42.792443,74,404,85,silver_32
2022-10-10 19:49:42.792443,481,332,821,Gold_99
2022-10-05 19:49:42.792443,643,601,79,silver_32_jagged
2022-09-30 19:49:42.792443,549,873,688,Gold_99
2022-10-01 19:49:42.792443,301,48,60,Gold_99
2022-10-12 19:49:42.792443,560,969,192,silver_32_jagged
2022-10-17 19:49:42.792443,944,320,354,Gold_99
2022-10-19 19:49:42.792443,703,322,421,silver_32_jagged
2022-09-27 19:49:42.792443,695,421,592,silver_32
2022-10-02 19:49:42.792443,100,843,658,silver_32
2022-10-12 19:49:42.792443,547,402,645,Gold_99
2022-10-16 19:49:42.792443,250,710,210,Gold_99
2022-10-07 19:49:42.792443,643,318,209,Gold_99
2022-10-14 19:49:42.792443,2,126,959,Gold_99
2022-10-14 19:49:42.792443,156,869,739,lead_1
2022-10-15 19:49:42.792443,398,320,123,lead_1
2022-10-24 19:49:42.792443,983,844,233,Gold_99
2022-10-07 19:49:42.792443,936,941,601,Gold_99
2022-10-04 19:49:42.792443,636,920,459,silver_32
2022-09-28 19:49:42.792443,317,859,643,silver_32_jagged
2022-10-14 19:49:42.792443,831,932,777,lead_1
2022-10-22 19:49:42.792443,735,533,956,silver_32
2022-10-23 19:49:42.792443,681,783,182,Gold_99
2022-09-30 19:49:42.792443,535,502,982,silver_32
2022-09-27 19:49:42.792443,427,384,21,lead_1
2022-10-02 19:49:42.792443,560,830,525,silver_32
2022-10-16 19:49:42.792443,880,912,2,lead_1
2022-09-26 19:49:42.792443,125,702,6,lead_1
2022-10-15 19:49:42.792443,685,797,183,silver_32
2022-10-20 19:49:42.792443,552,968,190,Gold_99
2022-10-06 19:49:42.792443,369,489,935,silver_32_jagged
2022-09-30 19:49:42.792443,680,43,274,Gold_99
2022-10-10 19:49:42.792443,130,697,568,Gold_99
2022-09-24 19:49:42.792443,870,761,923,lead_1
2022-09-24 19:49:42.792443,228,403,853,Gold_99
2022-09-25 19:49:42.792443,1000,56,161,lead_1
2022-10-14 19:49:42.792443,684,331,753,silver_32_jagged
2022-09-25 19:49:42.792443,959,47,318,silver_32
2022-09-27 19:49:42.792443,968,62,896,silver_32
2022-10-01 19:49:42.792443,132,622,126,lead_1
2022-10-24 19:49:42.792443,453,576,732,Gold_99
2022-10-20 19:49:42.792443,660,112,721,silver_32_jagged
2022-09-25 19:49:42.792443,581,585,945,silver_32_jagged
2022-10-04 19:49:42.792443,85,988,968,lead_1
2022-10-18 19:49:42.792443,487,780,628,silver_32_jagged
2022-09-29 19:49:42.792443,443,94,534,Gold_99
2022-09-30 19:49:42.792443,535,160,722,lead_1
2022-10-14 19:49:42.792443,175,75,710,silver_32
2022-10-15 19:49:42.792443,354,625,476,silver_32
2022-10-03 19:49:42.792443,35,747,412,silver_32
2022-10-21 19:49:42.792443,722,898,291,silver_32_jagged
2022-10-14 19:49:42.792443,47,226,503,lead_1
2022-10-16 19:49:42.792443,130,854,514,silver_32
2022-10-02 19:49:42.792443,967,189,883,lead_1
2022-10-13 19:49:42.792443,26,149,26,Gold_99
2022-09-30 19:49:42.792443,735,310,828,silver_32
2022-10-19 19:49:42.792443,806,635,560,silver_32
2022-09-29 19:49:42.792443,899,587,603,Gold_99
2022-10-21 19:49:42.792443,945,619,650,lead_1
2022-10-17 19:49:42.792443,772,221,308,silver_32
2022-10-10 19:49:42.792443,17,685,972,lead_1
2022-10-09 19:49:42.792443,793,253,556,silver_32_jagged
2022-10-08 19:49:42.792443,419,852,258,silver_32_jagged
2022-10-18 19:49:42.792443,266,76,48,Gold_99
2022-09-26 19:49:42.792443,99,807,163,lead_1
2022-10-01 19:49:42.792443,893,290,3,Gold_99
2022-09-26 19:49:42.792443,48,584,680,silver_32
2022-10-24 19:49:42.792443,740,296,712,silver_32_jagged
2022-10-24 19:49:42.792443,361,329,198,Gold_99
2022-10-11 19:49:42.792443,957,610,290,lead_1
2022-09-29 19:49:42.792443,904,32,642,silver_32_jagged
2022-09-27 19:49:42.792443,305,213,127,Gold_99
2022-10-10 19:49:42.792443,902,350,294,silver_32_jagged
2022-09-28 19:49:42.792443,709,322,422,silver_32
2022-10-05 19:49:42.792443,466,916,836,silver_32_jagged
2022-09-25 19:49:42.792443,392,540,962,silver_32
2022-10-20 19:49:42.792443,575,860,672,silver_32
2022-10-22 19:49:42.792443,321,633,690,Gold_99
2022-10-18 19:49:42.792443,38,900,979,Gold_99
2022-10-01 19:49:42.792443,364,994,500,silver_32
2022-10-21 19:49:42.792443,366,207,37,lead_1
2022-10-18 19:49:42.792443,875,95,979,silver_32_jagged
2022-10-10 19:49:42.792443,722,787,213,lead_1
2022-10-02 19:49:42.792443,240,492,985,lead_1
2022-10-17 19:49:42.792443,425,587,961,Gold_99
2022-10-05 19:49:42.792443,6,628,412,Gold_99
2022-10-21 19:49:42.792443,898,100,222,lead_1
2022-10-03 19:49:42.792443,394,617,877,lead_1
2022-10-02 19:49:42.792443,178,505,889,silver_32_jagged
2022-10-24 19:49:42.792443,16,194,839,silver_32
2022-10-16 19:49:42.792443,730,390,311,silver_32_jagged
2022-10-20 19:49:42.792443,393,559,572,Gold_99
2022-10-20 19:49:42.792443,736,931,410,Gold_99
2022-10-01 19:49:42.792443,215,238,355,Gold_99
2022-09-27 19:49:42.792443,461,922,6,Gold_99
2022-10-16 19:49:42.792443,995,355,973,Gold_99
2022-10-04 19:49:42.792443,612,545,915,silver_32
2022-10-07 19:49:42.792443,983,593,236,lead_1
2022-10-06 19:49:42.792443,135,291,560,lead_1
2022-10-04 19:49:42.792443,732,467,56,silver_32
2022-10-16 19:49:42.792443,898,8,904,Gold_99
2022-10-15 19:49:42.792443,722,934,450,Gold_99
2022-10-21 19:49:42.792443,755,251,833,Gold_99
2022-09-30 19:49:42.792443,546,443,850,lead_1
2022-09-30 19:49:42.792443,365,951,90,lead_1
2022-09-24 19:49:42.792443,439,301,954,silver_32_jagged
2022-10-21 19:49:42.792443,264,496,855,silver_32
2022-10-22 19:49:42.792443,301,964,609,silver_32
2022-09-24 19:49:42.792443,45,663,42,silver_32_jagged
2022-10-17 19:49:42.792443,270,810,994,lead_1
2022-10-10 19:49:42.792443,732,265,973,silver_32
2022-10-13 19:49:42.792443,888,237,20,lead_1
2022-09-25 19:49:42.792443,783,872,149,lead_1
2022-10-06 19:49:42.792443,105,577,140,lead_1
2022-10-03 19:49:42.792443,57,828,70,silver_32_jagged
2022-10-10 19:49:42.792443,46,901,206,lead_1
2022-10-14 19:49:42.792443,472,492,704,silver_32_jagged
2022-10-03 19:49:42.792443,653,398,808,silver_32_jagged
2022-10-07 19:49:42.792443,804,392,261,silver_32_jagged
2022-10-05 19:49:42.792443,750,419,54,lead_1
2022-09-29 19:49:42.792443,390,721,9,silver_32_jagged
2022-10-15 19:49:42.792443,133,83,365,lead_1
2022-10-24 19:49:42.792443,610,534,514,Gold_99
2022-10-15 19:49:42.792443,215,545,96,lead_1
2022-10-20 19:49:42.792443,173,120,124,silver_32
2022-10-22 19:49:42.792443,41,441,414,Gold_99
2022-10-10 19:49:42.792443,230,287,658,silver_32_jagged
2022-10-01 19:49:42.792443,209,469,351,Gold_99
2022-10-23 19:49:42.792443,712,473,615,Gold_99
2022-10-21 19:49:42.792443,482,93,781,silver_32_jagged
2022-10-06 19:49:42.792443,924,303,121,silver_32_jagged
2022-10-03 19:49:42.792443,825,126,948,silver_32_jagged
2022-10-11 19:49:42.792443,295,277,597,Gold_99
2022-09-25 19:49:42.792443,540,1,545,Gold_99
2022-10-03 19:49:42.792443,891,427,519,silver_32
2022-09-27 19:49:42.792443,971,836,992,silver_32_jagged
2022-10-24 19:49:42.792443,139,673,479,Gold_99
2022-10-01 19:49:42.792443,960,966,825,Gold_99
2022-10-07 19:49:42.792443,876,426,365,lead_1
2022-10-06 19:49:42.792443,972,231,841,Gold_99
2022-10-03 19:49:42.792443,247,855,817,silver_32
2022-10-18 19:49:42.792443,640,501,902,silver_32
2022-10-24 19:49:42.792443,518,769,53,lead_1
2022-10-10 19:49:42.792443,563,145,975,silver_32_jagged
2022-10-20 19:49:42.792443,666,854,364,silver_32_jagged
2022-10-18 19:49:42.792443,38,326,778,silver_32_jagged
2022-10-24 19:49:42.792443,211,688,231,Gold_99
2022-10-14 19:49:42.792443,752,249,616,Gold_99
2022-09-26 19:49:42.792443,389,607,873,Gold_99
2022-09-27 19:49:42.792443,763,781,454,silver_32_jagged
2022-10-08 19:49:42.792443,726,13,490,Gold_99
2022-10-05 19:49:42.792443,156,693,538,Gold_99
2022-10-07 19:49:42.792443,964,416,876,lead_1
2022-09-30 19:49:42.792443,527,912,43,lead_1
2022-10-11 19:49:42.792443,731,452,220,silver_32
2022-10-08 19:49:42.792443,175,485,480,lead_1
2022-10-22 19:49:42.792443,193,456,631,silver_32_jagged
2022-10-19 19:49:42.792443,257,262,980,silver_32
2022-10-22 19:49:42.792443,665,344,651,silver_32_jagged
2022-10-20 19:49:42.792443,250,37,921,Gold_99
2022-10-10 19:49:42.792443,319,88,250,Gold_99
2022-10-01 19:49:42.792443,523,605,780,Gold_99
2022-09-28 19:49:42.792443,873,170,994,silver_32
2022-10-16 19:49:42.792443,853,289,660,lead_1
2022-10-07 19:49:42.792443,996,252,241,silver_32
2022-10-13 19:49:42.792443,907,123,155,Gold_99
2022-10-17 19:49:42.792443,318,526,904,silver_32
2022-10-12 19:49:42.792443,262,660,851,silver_32_jagged
2022-10-06 19:49:42.792443,119,390,929,silver_32_jagged
2022-10-03 19:49:42.792443,444,598,429,silver_32
2022-10-24 19:49:42.792443,324,152,110,lead_1
2022-10-09 19:49:42.792443,691,371,1000,lead_1
2022-10-11 19:49:42.792443,420,456,641,silver_32_jagged
2022-10-06 19:49:42.792443,781,621,206,lead_1
2022-10-22 19:49:42.792443,398,87,340,silver_32_jagged
2022-09-28 19:49:42.792443,808,827,773,Gold_99
2022-10-09 19:49:42.792443,718,918,71,silver_32_jagged
2022-09-24 19:49:42.792443,853,456,72,silver_32_jagged
2022-10-05 19:49:42.792443,484,275,889,Gold_99
2022-10-24 19:49:42.792443,724,875,464,silver_32_jagged
2022-10-15 19:49:42.792443,757,807,711,lead_1
2022-10-20 19:49:42.792443,491,138,142,lead_1
2022-09-28 19:49:42.792443,505,304,675,lead_1
2022-10-15 19:49:42.792443,511,804,443,Gold_99
2022-10-12 19:49:42.792443,740,223,577,silver_32_jagged
2022-10-12 19:49:42.792443,386,85,640,silver_32_jagged
2022-10-24 19:49:42.792443,557,538,483,lead_1
2022-10-18 19:49:42.792443,440,308,909,silver_32_jagged
2022-10-12 19:49:42.792443,548,94,882,lead_1
2022-09-25 19:49:42.792443,267,793,458,lead_1
2022-10-24 19:49:42.792443,282,663,527,lead_1
2022-10-12 19:49:42.792443,787,313,465,silver_32
2022-10-14 19:49:42.792443,438,693,236,silver_32
2022-10-05 19:49:42.792443,907,632,59,silver_32
2022-10-13 19:49:42.792443,936,482,562,lead_1
2022-10-18 19:49:42.792443,815,748,347,silver_32
2022-10-01 19:49:42.792443,897,342,987,silver_32_jagged
2022-10-15 19:49:42.792443,368,651,693,lead_1
2022-09-28 19:49:42.792443,297,926,953,lead_1
2022-10-15 19:49:42.792443,788,399,604,lead_1
2022-09-28 19:49:42.792443,252,646,356,silver_32_jagged
2022-10-01 19:49:42.792443,830,771,396,silver_32
2022-10-04 19:49:42.792443,569,922,577,Gold_99
2022-10-08 19:49:42.792443,342,411,424,silver_32_jagged
2022-10-22 19:49:42.792443,698,911,632,Gold_99
2022-10-21 19:49:42.792443,488,227,982,silver_32_jagged
2022-10-07 19:49:42.792443,52,798,399,silver_32
2022-10-17 19:49:42.792443,165,143,1,silver_32
2022-10-22 19:49:42.792443,396,805,926,Gold_99
2022-10-05 19:49:42.792443,359,217,553,Gold_99
2022-10-08 19:49:42.792443,688,519,992,silver_32_jagged
2022-09-27 19:49:42.792443,748,100,103,silver_32
2022-09-24 19:49:42.792443,474,230,241,Gold_99
2022-10-10 19:49:42.792443,146,757,148,silver_32_jagged
2022-09-25 19:49:42.792443,78,652,407,lead_1
2022-10-12 19:49:42.792443,48,865,286,silver_32
2022-10-08 19:49:42.792443,4,706,843,silver_32
2022-10-21 19:49:42.792443,581,869,868,silver_32_jagged
2022-09-29 19:49:42.792443,996,694,912,lead_1
2022-10-17 19:49:42.792443,211,923,810,Gold_99
2022-10-03 19:49:42.792443,794,79,745,silver_32_jagged
2022-10-17 19:49:42.792443,903,437,2,silver_32
2022-10-13 19:49:42.792443,724,315,566,lead_1
2022-10-23 19:49:42.792443,594,631,933,lead_1
2022-10-13 19:49:42.792443,528,753,126,Gold_99
2022-10-23 19:49:42.792443,471,962,265,lead_1
2022-10-20 19:49:42.792443,333,276,647,lead_1
2022-09-28 19:49:42.792443,586,541,857,Gold_99
2022-10-03 19:49:42.792443,36,849,909,lead_1
2022-10-04 19:49:42.792443,698,135,150,Gold_99
2022-10-17 19:49:42.792443,881,932,13,silver_32
2022-10-18 19:49:42.792443,651,365,228,lead_1
2022-10-15 19:49:42.792443,993,288,844,lead_1
2022-10-19 19:49:42.792443,579,275,85,silver_32
2022-09-30 19:49:42.792443,829,376,946,silver_32
2022-10-09 19:49:42.792443,156,121,555,Gold_99
2022-09-25 19:49:42.792443,542,936,186,lead_1
2022-10-14 19:49:42.792443,21,182,590,silver_32
2022-10-01 19:49:42.792443,26,33,50,Gold_99
2022-10-19 19:49:42.792443,551,122,884,Gold_99
2022-10-22 19:49:42.792443,864,102,13,Gold_99
2022-10-13 19:49:42.792443,816,2,312,silver_32_jagged
2022-10-23 19:49:42.792443,854,759,465,silver_32
2022-09-24 19:49:42.792443,708,253,615,Gold_99
2022-10-12 19:49:42.792443,585,493,261,silver_32_jagged
2022-10-05 19:49:42.792443,241,878,628,silver_32_jagged
2022-10-16 19:49:42.792443,555,993,900,lead_1
2022-10-15 19:49:42.792443,311,232,679,lead_1
2022-10-09 19:49:42.792443,587,964,135,silver_32_jagged
2022-10-17 19:49:42.792443,212,121,471,silver_32_jagged
2022-10-01 19:49:42.792443,864,957,986,silver_32
2022-09-26 19:49:42.792443,626,949,535,silver_32
2022-10-13 19:49:42.792443,676,664,104,Gold_99
2022-09-28 19:49:42.792443,487,360,423,Gold_99
2022-10-06 19:49:42.792443,693,773,386,lead_1
2022-10-07 19:49:42.792443,144,815,384,Gold_99
2022-10-09 19:49:42.792443,442,698,383,silver_32_jagged
2022-10-10 19:49:42.792443,210,249,455,lead_1
2022-10-15 19:49:42.792443,667,420,57,Gold_99
2022-10-03 19:49:42.792443,253,509,972,silver_32_jagged
2022-10-08 19:49:42.792443,655,592,602,Gold_99
2022-10-12 19:49:42.792443,763,17,356,lead_1
2022-10-09 19:49:42.792443,825,935,134,silver_32
2022-10-01 19:49:42.792443,380,789,301,silver_32_jagged
2022-10-02 19:49:42.792443,980,38,640,silver_32
2022-10-11 19:49:42.792443,175,793,239,Gold_99
2022-10-01 19:49:42.792443,232,289,242,Gold_99
2022-10-07 19:49:42.792443,668,195,212,lead_1
2022-10-20 19:49:42.792443,529,43,337,silver_32
2022-10-11 19:49:42.792443,607,521,247,lead_1
2022-10-18 19:49:42.792443,304,849,37,silver_32_jagged
2022-09-26 19:49:42.792443,302,65,809,silver_32
2022-10-14 19:49:42.792443,93,526,147,silver_32_jagged
2022-10-07 19:49:42.792443,113,882,971,silver_32_jagged
2022-10-15 19:49:42.792443,541,902,745,silver_32
2022-10-11 19:49:42.792443,744,951,745,silver_32
2022-10-24 19:49:42.792443,249,538,887,lead_1
2022-10-14 19:49:42.792443,158,748,697,lead_1
2022-10-08 19:49:42.792443,214,321,758,Gold_99
2022-10-14 19:49:42.792443,472,335,553,Gold_99
2022-09-30 19:49:42.792443,398,68,682,Gold_99
2022-10-08 19:49:42.792443,243,901,481,Gold_99
2022-10-13 19:49:42.792443,602,252,387,lead_1
2022-10-23 19:49:42.792443,965,540,453,Gold_99
2022-10-16 19:49:42.792443,39,330,454,silver_32_jagged
2022-10-09 19:49:42.792443,52,709,559,lead_1
2022-10-14 19:49:42.792443,710,463,991,Gold_99
2022-09-26 19:49:42.792443,393,563,872,silver_32_jagged
2022-10-20 19:49:42.792443,699,348,444,lead_1
2022-09-26 19:49:42.792443,979,366,498,silver_32
2022-10-13 19:49:42.792443,491,500,566,lead_1
2022-10-09 19:49:42.792443,811,282,402,silver_32
2022-10-22 19:49:42.792443,404,754,871,Gold_99
2022-10-15 19:49:42.792443,263,270,107,silver_32_jagged
2022-10-04 19:49:42.792443,886,872,81,silver_32
2022-09-30 19:49:42.792443,692,826,49,Gold_99
2022-10-15 19:49:42.792443,507,264,753,silver_32
2022-10-24 19:49:42.792443,927,709,714,Gold_99
2022-10-03 19:49:42.792443,968,867,656,silver_32
2022-10-24 19:49:42.792443,242,399,491,silver_32
2022-10-10 19:49:42.792443,170,574,543,silver_32_jagged
2022-09-24 19:49:42.792443,478,987,52,silver_32
2022-10-22 19:49:42.792443,316,58,730,Gold_99
2022-10-08 19:49:42.792443,832,303,330,silver_32_jagged
2022-10-06 19:49:42.792443,765,677,59,silver_32_jagged
2022-10-23 19:49:42.792443,608,502,920,silver_32_jagged
2022-10-13 19:49:42.792443,522,836,387,Gold_99
2022-10-19 19:49:42.792443,713,71,146,silver_32_jagged
2022-09-26 19:49:42.792443,942,998,413,lead_1
2022-09-25 19:49:42.792443,374,643,573,lead_1
2022-10-11 19:49:42.792443,643,137,798,silver_32
2022-10-17 19:49:42.792443,431,542,278,Gold_99
2022-10-11 19:49:42.792443,54,536,896,silver_32
2022-09-30 19:49:42.792443,485,344,241,silver_32_jagged
2022-10-09 19:49:42.792443,177,193,714,Gold_99
2022-09-27 19:49:42.792443,471,41,910,Gold_99
2022-10-14 19:49:42.792443,623,638,476,silver_32
2022-09-27 19:49:42.792443,1,465,624,silver_32_jagged
2022-09-28 19:49:42.792443,436,468,780,Gold_99
2022-10-08 19:49:42.792443,893,99,46,silver_32_jagged
2022-10-02 19:49:42.792443,975,442,343,silver_32
2022-10-06 19:49:42.792443,717,84,16,Gold_99
2022-09-29 19:49:42.792443,648,929,996,silver_32
2022-10-13 19:49:42.792443,378,424,430,silver_32
2022-10-03 19:49:42.792443,23,593,935,Gold_99
2022-10-22 19:49:42.792443,39,515,311,silver_32
2022-10-05 19:49:42.792443,586,994,449,silver_32_jagged
2022-10-13 19:49:42.792443,187,957,904,Gold_99
2022-10-07 19:49:42.792443,590,174,639,silver_32
2022-10-22 19:49:42.792443,196,728,4,lead_1
2022-10-07 19:49:42.792443,15,870,514,lead_1
2022-10-01 19:49:42.792443,813,794,804,silver_32_jagged
2022-10-06 19:49:42.792443,399,999,227,silver_32
2022-10-10 19:49:42.792443,526,780,658,Gold_99
2022-10-16 19:49:42.792443,256,4,582,silver_32_jagged
2022-10-18 19:49:42.792443,725,252,931,lead_1
2022-10-15 19:49:42.792443,288,369,7,silver_32
2022-10-14 19:49:42.792443,145,481,108,silver_32
2022-10-22 19:49:42.792443,674,484,215,lead_1
2022-10-11 19:49:42.792443,821,965,894,silver_32_jagged
2022-09-29 19:49:42.792443,35,909,610,silver_32_jagged
2022-10-19 19:49:42.792443,920,273,552,silver_32
2022-10-06 19:49:42.792443,435,41,224,Gold_99
2022-10-21 19:49:42.792443,132,338,347,Gold_99
2022-09-29 19:49:42.792443,981,130,609,Gold_99
2022-10-17 19:49:42.792443,855,514,73,lead_1
2022-10-07 19:49:42.792443,19,817,726,silver_32_jagged
2022-10-04 19:49:42.792443,244,455,524,silver_32
2022-10-16 19:49:42.792443,622,33,89,Gold_99
2022-10-21 19:49:42.792443,320,208,303,silver_32
2022-10-01 19:49:42.792443,419,333,374,lead_1
2022-10-03 19:49:42.792443,91,61,665,lead_1
2022-10-18 19:49:42.792443,439,557,989,Gold_99
2022-10-20 19:49:42.792443,832,292,892,silver_32
2022-10-03 19:49:42.792443,265,493,589,silver_32
2022-10-21 19:49:42.792443,737,215,399,silver_32
2022-10-20 19:49:42.792443,420,670,98,silver_32
2022-10-12 19:49:42.792443,884,920,668,lead_1
2022-09-28 19:49:42.792443,198,183,857,lead_1
2022-09-24 19:49:42.792443,615,883,373,Gold_99
2022-09-28 19:49:42.792443,208,433,987,silver_32_jagged
2022-10-02 19:49:42.792443,818,678,38,silver_32
2022-09-30 19:49:42.792443,786,520,443,silver_32
2022-09-27 19:49:42.792443,835,585,172,silver_32_jagged
2022-10-10 19:49:42.792443,910,277,186,silver_32
2022-10-24 19:49:42.792443,339,406,738,Gold_99
2022-10-14 19:49:42.792443,993,905,974,lead_1
2022-10-14 19:49:42.792443,293,206,900,Gold_99
2022-10-15 19:49:42.792443,167,838,860,Gold_99
2022-10-15 19:49:42.792443,595,157,601,silver_32_jagged
2022-10-22 19:49:42.792443,134,347,122,silver_32
2022-10-08 19:49:42.792443,850,714,311,silver_32_jagged
2022-09-26 19:49:42.792443,181,14,642,silver_32_jagged
2022-10-03 19:49:42.792443,412,544,248,Gold_99
2022-10-02 19:49:42.792443,269,94,272,lead_1
2022-10-20 19:49:42.792443,80,906,274,silver_32
2022-10-14 19:49:42.792443,307,252,421,Gold_99
2022-10-10 19:49:42.792443,306,494,570,Gold_99
2022-10-11 19:49:42.792443,662,972,36,lead_1
2022-10-02 19:49:42.792443,3,25,8,Gold_99
2022-10-21 19:49:42.792443,919,216,989,silver_32
2022-10-05 19:49:42.792443,887,630,808,silver_32
2022-10-17 19:49:42.792443,599,810,830,silver_32_jagged
2022-10-04 19:49:42.792443,7,900,153,lead_1
2022-10-14 19:49:42.792443,451,589,797,silver_32
2022-10-12 19:49:42.792443,23,812,546,Gold_99
2022-10-22 19:49:42.792443,784,764,434,lead_1
2022-10-07 19:49:42.792443,468,812,576,Gold_99
2022-10-07 19:49:42.792443,502,766,931,Gold_99
2022-10-14 19:49:42.792443,259,536,641,lead_1
2022-09-27 19:49:42.792443,288,904,698,lead_1
2022-10-10 19:49:42.792443,414,547,896,Gold_99
2022-10-09 19:49:42.792443,187,685,535,lead_1
2022-09-27 19:49:42.792443,978,97,440,lead_1
2022-10-14 19:49:42.792443,186,257,856,silver_32
2022-10-12 19:49:42.792443,547,388,487,silver_32_jagged
2022-10-11 19:49:42.792443,566,885,391,silver_32_jagged
2022-10-05 19:49:42.792443,265,82,555,silver_32_jagged
2022-10-14 19:49:42.792443,440,458,732,silver_32_jagged
2022-10-21 19:49:42.792443,974,715,812,silver_32_jagged
2022-10-09 19:49:42.792443,824,558,41,Gold_99
2022-10-18 19:49:42.792443,607,806,904,silver_32
2022-09-27 19:49:42.792443,524,578,130,silver_32
2022-09-30 19:49:42.792443,472,522,890,Gold_99
2022-10-20 19:49:42.792443,444,75,449,silver_32_jagged
2022-10-02 19:49:42.792443,477,407,223,silver_32_jagged
2022-09-29 19:49:42.792443,507,508,554,silver_32_jagged
2022-09-29 19:49:42.792443,170,402,516,Gold_99
2022-09-28 19:49:42.792443,928,264,929,lead_1
2022-10-16 19:49:42.792443,798,177,604,lead_1
2022-10-24 19:49:42.792443,529,267,532,Gold_99
2022-10-01 19:49:42.792443,735,612,799,silver_32_jagged
2022-10-17 19:49:42.792443,781,33,303,silver_32
2022-09-28 19:49:42.792443,358,366,941,silver_32_jagged
2022-10-07 19:49:42.792443,647,7,187,Gold_99
2022-10-13 19:49:42.792443,399,741,841,silver_32_jagged
2022-09-26 19:49:42.792443,79,739,138,Gold_99
2022-10-10 19:49:42.792443,431,845,42,lead_1
2022-10-06 19:49:42.792443,405,815,826,Gold_99
2022-10-21 19:49:42.792443,834,411,825,lead_1
2022-09-28 19:49:42.792443,782,419,590,Gold_99
2022-10-01 19:49:42.792443,14,544,729,lead_1
2022-10-07 19:49:42.792443,928,230,635,silver_32
2022-10-05 19:49:42.792443,694,404,938,silver_32_jagged
2022-10-09 19:49:42.792443,708,323,790,silver_32
2022-10-17 19:49:42.792443,52,98,358,lead_1
2022-10-24 19:49:42.792443,382,143,469,lead_1
2022-10-13 19:49:42.792443,794,835,917,silver_32_jagged
2022-09-27 19:49:42.792443,533,309,968,silver_32_jagged
2022-10-12 19:49:42.792443,476,376,71,silver_32_jagged
2022-10-01 19:49:42.792443,507,197,146,silver_32
2022-10-18 19:49:42.792443,241,167,329,silver_32_jagged
2022-10-01 19:49:42.792443,824,620,392,silver_32
2022-10-06 19:49:42.792443,365,887,815,silver_32_jagged
2022-09-27 19:49:42.792443,11,196,978,Gold_99
2022-09-27 19:49:42.792443,560,934,1000,silver_32
2022-10-12 19:49:42.792443,398,937,157,silver_32_jagged
2022-10-17 19:49:42.792443,382,122,730,silver_32_jagged
2022-10-02 19:49:42.792443,835,360,757,Gold_99
2022-10-10 19:49:42.792443,906,101,762,silver_32
2022-10-13 19:49:42.792443,198,172,940,silver_32_jagged
2022-10-16 19:49:42.792443,521,248,8,silver_32
2022-10-12 19:49:42.792443,93,694,659,lead_1
2022-10-07 19:49:42.792443,581,426,307,silver_32_jagged
2022-10-23 19:49:42.792443,995,506,722,silver_32_jagged
2022-10-15 19:49:42.792443,822,804,665,lead_1
2022-10-06 19:49:42.792443,216,376,848,silver_32
2022-10-17 19:49:42.792443,121,649,707,silver_32
2022-10-11 19:49:42.792443,376,656,806,silver_32_jagged
2022-10-09 19:49:42.792443,568,755,657,Gold_99
2022-10-06 19:49:42.792443,708,219,43,silver_32_jagged
2022-10-20 19:49:42.792443,909,321,721,silver_32_jagged
2022-10-23 19:49:42.792443,899,82,243,silver_32_jagged
2022-10-09 19:49:42.792443,314,789,604,silver_32_jagged
2022-10-03 19:49:42.792443,889,833,844,silver_32_jagged
2022-10-16 19:49:42.792443,421,959,280,silver_32_jagged
2022-09-25 19:49:42.792443,321,199,876,Gold_99
2022-09-29 19:49:42.792443,725,705,498,lead_1
2022-09-29 19:49:42.792443,442,754,149,lead_1
2022-09-28 19:49:42.792443,933,324,5,silver_32
2022-10-03 19:49:42.792443,865,824,168,Gold_99
2022-10-11 19:49:42.792443,568,622,747,silver_32_jagged
2022-10-03 19:49:42.792443,851,561,422,silver_32
2022-10-05 19:49:42.792443,281,313,413,Gold_99
2022-10-23 19:49:42.792443,367,943,744,silver_32_jagged
2022-10-14 19:49:42.792443,102,227,680,silver_32
2022-10-23 19:49:42.792443,953,355,182,Gold_99
2022-10-21 19:49:42.792443,998,613,938,silver_32_jagged
2022-10-19 19:49:42.792443,161,294,175,silver_32
2022-10-14 19:49:42.792443,70,272,249,silver_32
2022-10-21 19:49:42.792443,189,707,217,silver_32_jagged
2022-10-05 19:49:42.792443,430,45,933,silver_32_jagged
2022-10-14 19:49:42.792443,941,882,704,Gold_99
2022-10-15 19:49:42.792443,897,559,97,silver_32
2022-09-29 19:49:42.792443,180,189,214,Gold_99
2022-10-04 19:49:42.792443,126,43,637,lead_1
2022-09-29 19:49:42.792443,69,750,829,lead_1
2022-10-21 19:49:42.792443,92,279,226,silver_32_jagged
2022-09-29 19:49:42.792443,482,622,782,Gold_99
2022-10-15 19:49:42.792443,266,161,500,Gold_99
2022-10-07 19:49:42.792443,543,47,936,lead_1
2022-09-30 19:49:42.792443,918,280,888,silver_32_jagged
2022-09-29 19:49:42.792443,909,70,717,silver_32_jagged
2022-10-14 19:49:42.792443,423,502,557,Gold_99
2022-09-27 19:49:42.792443,855,851,619,silver_32_jagged
2022-10-14 19:49:42.792443,419,223,961,lead_1
2022-09-24 19:49:42.792443,748,784,795,lead_1
2022-10-15 19:49:42.792443,969,853,914,Gold_99
2022-10-12 19:49:42.792443,723,832,447,silver_32_jagged
2022-09-30 19:49:42.792443,49,63,171,silver_32_jagged
2022-10-13 19:49:42.792443,646,72,569,silver_32
2022-10-01 19:49:42.792443,520,259,594,lead_1
2022-10-12 19:49:42.792443,910,700,331,silver_32_jagged
2022-10-11 19:49:42.792443,3,21,745,silver_32
2022-09-28 19:49:42.792443,88,102,122,silver_32
2022-10-14 19:49:42.792443,556,818,109,Gold_99
2022-10-09 19:49:42.792443,334,618,563,Gold_99
2022-10-06 19:49:42.792443,682,262,376,lead_1
2022-09-25 19:49:42.792443,396,795,467,lead_1
2022-10-13 19:49:42.792443,803,649,133,Gold_99
2022-09-25 19:49:42.792443,366,785,567,lead_1
2022-09-29 19:49:42.792443,357,818,520,silver_32
2022-09-24 19:49:42.792443,602,92,907,Gold_99
2022-10-24 19:49:42.792443,910,705,92,Gold_99
2022-10-11 19:49:42.792443,79,227,136,lead_1
2022-10-23 19:49:42.792443,496,853,32,silver_32_jagged
2022-09-29 19:49:42.792443,714,799,642,silver_32
2022-10-23 19:49:42.792443,976,560,508,silver_32_jagged
2022-09-25 19:49:42.792443,73,168,303,lead_1
2022-10-07 19:49:42.792443,867,805,248,silver_32
2022-10-22 19:49:42.792443,318,171,246,silver_32
2022-10-11 19:49:42.792443,746,841,66,silver_32_jagged
2022-10-18 19:49:42.792443,93,86,378,silver_32
2022-10-07 19:49:42.792443,515,91,10,lead_1
2022-10-16 19:49:42.792443,122,997,69,Gold_99
2022-10-05 19:49:42.792443,999,827,915,silver_32
2022-10-19 19:49:42.792443,606,362,859,silver_32_jagged
2022-09-29 19:49:42.792443,963,704,453,lead_1
2022-10-23 19:49:42.792443,727,705,512,silver_32_jagged
2022-09-29 19:49:42.792443,386,40,689,lead_1
2022-09-24 19:49:42.792443,239,646,744,lead_1
2022-10-11 19:49:42.792443,415,45,779,silver_32
2022-10-16 19:49:42.792443,872,289,123,silver_32
2022-10-15 19:49:42.792443,767,650,555,silver_32
2022-10-22 19:49:42.792443,282,783,367,silver_32
2022-10-21 19:49:42.792443,992,324,930,silver_32_jagged
2022-10-05 19:49:42.792443,675,135,586,silver_32_jagged
2022-10-24 19:49:42.792443,444,565,319,Gold_99
2022-09-29 19:49:42.792443,230,238,946,Gold_99
2022-10-23 19:49:42.792443,312,628,985,silver_32_jagged
2022-10-13 19:49:42.792443,951,987,337,silver_32_jagged
2022-10-14 19:49:42.792443,237,653,417,silver_32_jagged
2022-10-18 19:49:42.792443,958,577,923,silver_32_jagged
2022-10-15 19:49:42.792443,27,302,391,silver_32
2022-10-05 19:49:42.792443,351,875,304,silver_32_jagged
2022-10-24 19:49:42.792443,5,316,865,silver_32_jagged
2022-10-01 19:49:42.792443,771,541,545,Gold_99
2022-10-24 19:49:42.792443,458,736,218,silver_32
2022-10-23 19:49:42.792443,358,736,760,lead_1
2022-10-07 19:49:42.792443,723,830,339,Gold_99
2022-09-28 19:49:42.792443,670,575,428,lead_1
2022-09-29 19:49:42.792443,374,128,917,lead_1
2022-10-17 19:49:42.792443,896,746,740,silver_32_jagged
2022-10-15 19:49:42.792443,147,422,150,lead_1
2022-10-01 19:49:42.792443,593,418,413,silver_32
2022-10-24 19:49:42.792443,125,179,623,silver_32
2022-10-11 19:49:42.792443,444,524,365,silver_32_jagged
2022-10-01 19:49:42.792443,902,362,821,lead_1
2022-10-15 19:49:42.792443,843,738,976,silver_32
2022-10-12 19:49:42.792443,668,980,410,Gold_99
2022-10-03 19:49:42.792443,266,583,974,silver_32_jagged
2022-09-27 19:49:42.792443,506,870,212,lead_1
2022-10-15 19:49:42.792443,494,816,966,Gold_99
2022-10-18 19:49:42.792443,754,287,649,silver_32_jagged
2022-10-01 19:49:42.792443,741,636,999,lead_1
2022-10-01 19:49:42.792443,360,703,31,lead_1
2022-10-11 19:49:42.792443,225,981,435,silver_32
2022-10-13 19:49:42.792443,385,428,514,lead_1
2022-09-26 19:49:42.792443,662,481,562,lead_1
2022-09-28 19:49:42.792443,84,867,426,silver_32_jagged
2022-10-19 19:49:42.792443,409,772,731,Gold_99
2022-09-24 19:49:42.792443,497,228,647,silver_32
2022-10-06 19:49:42.792443,945,820,517,silver_32
2022-10-12 19:49:42.792443,613,113,536,Gold_99
2022-10-18 19:49:42.792443,415,111,754,Gold_99
2022-09-26 19:49:42.792443,500,353,590,silver_32_jagged
2022-10-20 19:49:42.792443,539,287,475,silver_32
2022-09-24 19:49:42.792443,492,805,638,Gold_99
2022-10-18 19:49:42.792443,897,931,467,silver_32_jagged
2022-09-27 19:49:42.792443,605,94,888,silver_32_jagged
2022-10-04 19:49:42.792443,454,618,355,lead_1
2022-10-17 19:49:42.792443,248,652,886,silver_32_jagged
2022-10-18 19:49:42.792443,685,152,513,lead_1
2022-10-05 19:49:42.792443,906,24,688,Gold_99
2022-10-01 19:49:42.792443,381,655,8,silver_32_jagged
